{
  "project_info": {
    "project_number": "790320851241",
    "project_id": "uecfs-login-register",
    "storage_bucket": "uecfs-login-register.appspot.com"
  },
  "client": [
    {
      "client_info": {
        "mobilesdk_app_id": "1:790320851241:android:b6f2ce5ccafde664266f38",
        "android_client_info": {
          "package_name": "com.example.uecfs"
        }
      },
      "oauth_client": [],
      "api_key": [
        {
          "current_key": "AIzaSyDa30u7y7E9D1mr3RvUNC5UVLGbq1s-DsE"
        }
      ],
      "services": {
        "appinvite_service": {
          "other_platform_oauth_client": []
        }
      }
    }
  ],
  "configuration_version": "1"
}